,df_index,stop_gain_distance,stop_loss_distance,RSI_enable,RSI_period,RSI_value,operation_time,n_bars_validation,extra_range_entry
0,0,4,4,1,9,30,10,5,0
1,1,4,10,1,9,30,10,5,0
2,2,4,16,1,9,30,10,5,0
3,3,10,4,1,9,30,10,5,0
4,4,10,10,1,9,30,10,5,0
5,5,10,16,1,9,30,10,5,0
6,6,16,4,1,9,30,10,5,0
7,7,16,10,1,9,30,10,5,0
8,8,16,16,1,9,30,10,5,0
9,9,4,4,0,9,30,10,5,0
10,10,4,10,0,9,30,10,5,0
11,11,4,16,0,9,30,10,5,0
12,12,10,4,0,9,30,10,5,0
13,13,10,10,0,9,30,10,5,0
14,14,10,16,0,9,30,10,5,0
15,15,16,4,0,9,30,10,5,0
16,16,16,10,0,9,30,10,5,0
17,17,16,16,0,9,30,10,5,0
18,18,4,4,1,10,30,10,5,0
19,19,4,10,1,10,30,10,5,0
20,20,4,16,1,10,30,10,5,0
21,21,10,4,1,10,30,10,5,0
22,22,10,10,1,10,30,10,5,0
23,23,10,16,1,10,30,10,5,0
24,24,16,4,1,10,30,10,5,0
25,25,16,10,1,10,30,10,5,0
26,26,16,16,1,10,30,10,5,0
36,36,4,4,1,11,30,10,5,0
37,37,4,10,1,11,30,10,5,0
38,38,4,16,1,11,30,10,5,0
39,39,10,4,1,11,30,10,5,0
40,40,10,10,1,11,30,10,5,0
41,41,10,16,1,11,30,10,5,0
42,42,16,4,1,11,30,10,5,0
43,43,16,10,1,11,30,10,5,0
44,44,16,16,1,11,30,10,5,0
54,54,4,4,1,9,50,10,5,0
55,55,4,10,1,9,50,10,5,0
56,56,4,16,1,9,50,10,5,0
57,57,10,4,1,9,50,10,5,0
58,58,10,10,1,9,50,10,5,0
59,59,10,16,1,9,50,10,5,0
60,60,16,4,1,9,50,10,5,0
61,61,16,10,1,9,50,10,5,0
62,62,16,16,1,9,50,10,5,0
72,72,4,4,1,10,50,10,5,0
73,73,4,10,1,10,50,10,5,0
74,74,4,16,1,10,50,10,5,0
75,75,10,4,1,10,50,10,5,0
76,76,10,10,1,10,50,10,5,0
77,77,10,16,1,10,50,10,5,0
78,78,16,4,1,10,50,10,5,0
79,79,16,10,1,10,50,10,5,0
80,80,16,16,1,10,50,10,5,0
90,90,4,4,1,11,50,10,5,0
91,91,4,10,1,11,50,10,5,0
92,92,4,16,1,11,50,10,5,0
93,93,10,4,1,11,50,10,5,0
94,94,10,10,1,11,50,10,5,0
95,95,10,16,1,11,50,10,5,0
96,96,16,4,1,11,50,10,5,0
97,97,16,10,1,11,50,10,5,0
98,98,16,16,1,11,50,10,5,0
108,108,4,4,1,9,70,10,5,0
109,109,4,10,1,9,70,10,5,0
110,110,4,16,1,9,70,10,5,0
111,111,10,4,1,9,70,10,5,0
112,112,10,10,1,9,70,10,5,0
113,113,10,16,1,9,70,10,5,0
114,114,16,4,1,9,70,10,5,0
115,115,16,10,1,9,70,10,5,0
116,116,16,16,1,9,70,10,5,0
126,126,4,4,1,10,70,10,5,0
127,127,4,10,1,10,70,10,5,0
128,128,4,16,1,10,70,10,5,0
129,129,10,4,1,10,70,10,5,0
130,130,10,10,1,10,70,10,5,0
131,131,10,16,1,10,70,10,5,0
132,132,16,4,1,10,70,10,5,0
133,133,16,10,1,10,70,10,5,0
134,134,16,16,1,10,70,10,5,0
144,144,4,4,1,11,70,10,5,0
145,145,4,10,1,11,70,10,5,0
146,146,4,16,1,11,70,10,5,0
147,147,10,4,1,11,70,10,5,0
148,148,10,10,1,11,70,10,5,0
149,149,10,16,1,11,70,10,5,0
150,150,16,4,1,11,70,10,5,0
151,151,16,10,1,11,70,10,5,0
152,152,16,16,1,11,70,10,5,0
162,162,4,4,1,9,30,20,5,0
163,163,4,10,1,9,30,20,5,0
164,164,4,16,1,9,30,20,5,0
165,165,10,4,1,9,30,20,5,0
166,166,10,10,1,9,30,20,5,0
167,167,10,16,1,9,30,20,5,0
168,168,16,4,1,9,30,20,5,0
169,169,16,10,1,9,30,20,5,0
170,170,16,16,1,9,30,20,5,0
171,171,4,4,0,9,30,20,5,0
172,172,4,10,0,9,30,20,5,0
173,173,4,16,0,9,30,20,5,0
174,174,10,4,0,9,30,20,5,0
175,175,10,10,0,9,30,20,5,0
176,176,10,16,0,9,30,20,5,0
177,177,16,4,0,9,30,20,5,0
178,178,16,10,0,9,30,20,5,0
179,179,16,16,0,9,30,20,5,0
180,180,4,4,1,10,30,20,5,0
181,181,4,10,1,10,30,20,5,0
182,182,4,16,1,10,30,20,5,0
183,183,10,4,1,10,30,20,5,0
184,184,10,10,1,10,30,20,5,0
185,185,10,16,1,10,30,20,5,0
186,186,16,4,1,10,30,20,5,0
187,187,16,10,1,10,30,20,5,0
188,188,16,16,1,10,30,20,5,0
198,198,4,4,1,11,30,20,5,0
199,199,4,10,1,11,30,20,5,0
200,200,4,16,1,11,30,20,5,0
201,201,10,4,1,11,30,20,5,0
202,202,10,10,1,11,30,20,5,0
203,203,10,16,1,11,30,20,5,0
204,204,16,4,1,11,30,20,5,0
205,205,16,10,1,11,30,20,5,0
206,206,16,16,1,11,30,20,5,0
216,216,4,4,1,9,50,20,5,0
217,217,4,10,1,9,50,20,5,0
218,218,4,16,1,9,50,20,5,0
219,219,10,4,1,9,50,20,5,0
220,220,10,10,1,9,50,20,5,0
221,221,10,16,1,9,50,20,5,0
222,222,16,4,1,9,50,20,5,0
223,223,16,10,1,9,50,20,5,0
224,224,16,16,1,9,50,20,5,0
234,234,4,4,1,10,50,20,5,0
235,235,4,10,1,10,50,20,5,0
236,236,4,16,1,10,50,20,5,0
237,237,10,4,1,10,50,20,5,0
238,238,10,10,1,10,50,20,5,0
239,239,10,16,1,10,50,20,5,0
240,240,16,4,1,10,50,20,5,0
241,241,16,10,1,10,50,20,5,0
242,242,16,16,1,10,50,20,5,0
252,252,4,4,1,11,50,20,5,0
253,253,4,10,1,11,50,20,5,0
254,254,4,16,1,11,50,20,5,0
255,255,10,4,1,11,50,20,5,0
256,256,10,10,1,11,50,20,5,0
257,257,10,16,1,11,50,20,5,0
258,258,16,4,1,11,50,20,5,0
259,259,16,10,1,11,50,20,5,0
260,260,16,16,1,11,50,20,5,0
270,270,4,4,1,9,70,20,5,0
271,271,4,10,1,9,70,20,5,0
272,272,4,16,1,9,70,20,5,0
273,273,10,4,1,9,70,20,5,0
274,274,10,10,1,9,70,20,5,0
275,275,10,16,1,9,70,20,5,0
276,276,16,4,1,9,70,20,5,0
277,277,16,10,1,9,70,20,5,0
278,278,16,16,1,9,70,20,5,0
288,288,4,4,1,10,70,20,5,0
289,289,4,10,1,10,70,20,5,0
290,290,4,16,1,10,70,20,5,0
291,291,10,4,1,10,70,20,5,0
292,292,10,10,1,10,70,20,5,0
293,293,10,16,1,10,70,20,5,0
294,294,16,4,1,10,70,20,5,0
295,295,16,10,1,10,70,20,5,0
296,296,16,16,1,10,70,20,5,0
306,306,4,4,1,11,70,20,5,0
307,307,4,10,1,11,70,20,5,0
308,308,4,16,1,11,70,20,5,0
309,309,10,4,1,11,70,20,5,0
310,310,10,10,1,11,70,20,5,0
311,311,10,16,1,11,70,20,5,0
312,312,16,4,1,11,70,20,5,0
313,313,16,10,1,11,70,20,5,0
314,314,16,16,1,11,70,20,5,0
324,324,4,4,1,9,30,30,5,0
325,325,4,10,1,9,30,30,5,0
326,326,4,16,1,9,30,30,5,0
327,327,10,4,1,9,30,30,5,0
328,328,10,10,1,9,30,30,5,0
329,329,10,16,1,9,30,30,5,0
330,330,16,4,1,9,30,30,5,0
331,331,16,10,1,9,30,30,5,0
332,332,16,16,1,9,30,30,5,0
333,333,4,4,0,9,30,30,5,0
334,334,4,10,0,9,30,30,5,0
335,335,4,16,0,9,30,30,5,0
336,336,10,4,0,9,30,30,5,0
337,337,10,10,0,9,30,30,5,0
338,338,10,16,0,9,30,30,5,0
339,339,16,4,0,9,30,30,5,0
340,340,16,10,0,9,30,30,5,0
341,341,16,16,0,9,30,30,5,0
342,342,4,4,1,10,30,30,5,0
343,343,4,10,1,10,30,30,5,0
344,344,4,16,1,10,30,30,5,0
345,345,10,4,1,10,30,30,5,0
346,346,10,10,1,10,30,30,5,0
347,347,10,16,1,10,30,30,5,0
348,348,16,4,1,10,30,30,5,0
349,349,16,10,1,10,30,30,5,0
350,350,16,16,1,10,30,30,5,0
360,360,4,4,1,11,30,30,5,0
361,361,4,10,1,11,30,30,5,0
362,362,4,16,1,11,30,30,5,0
363,363,10,4,1,11,30,30,5,0
364,364,10,10,1,11,30,30,5,0
365,365,10,16,1,11,30,30,5,0
366,366,16,4,1,11,30,30,5,0
367,367,16,10,1,11,30,30,5,0
368,368,16,16,1,11,30,30,5,0
378,378,4,4,1,9,50,30,5,0
379,379,4,10,1,9,50,30,5,0
380,380,4,16,1,9,50,30,5,0
381,381,10,4,1,9,50,30,5,0
382,382,10,10,1,9,50,30,5,0
383,383,10,16,1,9,50,30,5,0
384,384,16,4,1,9,50,30,5,0
385,385,16,10,1,9,50,30,5,0
386,386,16,16,1,9,50,30,5,0
396,396,4,4,1,10,50,30,5,0
397,397,4,10,1,10,50,30,5,0
398,398,4,16,1,10,50,30,5,0
399,399,10,4,1,10,50,30,5,0
400,400,10,10,1,10,50,30,5,0
401,401,10,16,1,10,50,30,5,0
402,402,16,4,1,10,50,30,5,0
403,403,16,10,1,10,50,30,5,0
404,404,16,16,1,10,50,30,5,0
414,414,4,4,1,11,50,30,5,0
415,415,4,10,1,11,50,30,5,0
416,416,4,16,1,11,50,30,5,0
417,417,10,4,1,11,50,30,5,0
418,418,10,10,1,11,50,30,5,0
419,419,10,16,1,11,50,30,5,0
420,420,16,4,1,11,50,30,5,0
421,421,16,10,1,11,50,30,5,0
422,422,16,16,1,11,50,30,5,0
432,432,4,4,1,9,70,30,5,0
433,433,4,10,1,9,70,30,5,0
434,434,4,16,1,9,70,30,5,0
435,435,10,4,1,9,70,30,5,0
436,436,10,10,1,9,70,30,5,0
437,437,10,16,1,9,70,30,5,0
438,438,16,4,1,9,70,30,5,0
439,439,16,10,1,9,70,30,5,0
440,440,16,16,1,9,70,30,5,0
450,450,4,4,1,10,70,30,5,0
451,451,4,10,1,10,70,30,5,0
452,452,4,16,1,10,70,30,5,0
453,453,10,4,1,10,70,30,5,0
454,454,10,10,1,10,70,30,5,0
455,455,10,16,1,10,70,30,5,0
456,456,16,4,1,10,70,30,5,0
457,457,16,10,1,10,70,30,5,0
458,458,16,16,1,10,70,30,5,0
468,468,4,4,1,11,70,30,5,0
469,469,4,10,1,11,70,30,5,0
470,470,4,16,1,11,70,30,5,0
471,471,10,4,1,11,70,30,5,0
472,472,10,10,1,11,70,30,5,0
473,473,10,16,1,11,70,30,5,0
474,474,16,4,1,11,70,30,5,0
475,475,16,10,1,11,70,30,5,0
476,476,16,16,1,11,70,30,5,0
486,486,4,4,1,9,30,10,10,0
487,487,4,10,1,9,30,10,10,0
488,488,4,16,1,9,30,10,10,0
489,489,10,4,1,9,30,10,10,0
490,490,10,10,1,9,30,10,10,0
491,491,10,16,1,9,30,10,10,0
492,492,16,4,1,9,30,10,10,0
493,493,16,10,1,9,30,10,10,0
494,494,16,16,1,9,30,10,10,0
495,495,4,4,0,9,30,10,10,0
496,496,4,10,0,9,30,10,10,0
497,497,4,16,0,9,30,10,10,0
498,498,10,4,0,9,30,10,10,0
499,499,10,10,0,9,30,10,10,0
500,500,10,16,0,9,30,10,10,0
501,501,16,4,0,9,30,10,10,0
502,502,16,10,0,9,30,10,10,0
503,503,16,16,0,9,30,10,10,0
504,504,4,4,1,10,30,10,10,0
505,505,4,10,1,10,30,10,10,0
506,506,4,16,1,10,30,10,10,0
507,507,10,4,1,10,30,10,10,0
508,508,10,10,1,10,30,10,10,0
509,509,10,16,1,10,30,10,10,0
510,510,16,4,1,10,30,10,10,0
511,511,16,10,1,10,30,10,10,0
512,512,16,16,1,10,30,10,10,0
522,522,4,4,1,11,30,10,10,0
523,523,4,10,1,11,30,10,10,0
524,524,4,16,1,11,30,10,10,0
525,525,10,4,1,11,30,10,10,0
526,526,10,10,1,11,30,10,10,0
527,527,10,16,1,11,30,10,10,0
528,528,16,4,1,11,30,10,10,0
529,529,16,10,1,11,30,10,10,0
530,530,16,16,1,11,30,10,10,0
540,540,4,4,1,9,50,10,10,0
541,541,4,10,1,9,50,10,10,0
542,542,4,16,1,9,50,10,10,0
543,543,10,4,1,9,50,10,10,0
544,544,10,10,1,9,50,10,10,0
545,545,10,16,1,9,50,10,10,0
546,546,16,4,1,9,50,10,10,0
547,547,16,10,1,9,50,10,10,0
548,548,16,16,1,9,50,10,10,0
558,558,4,4,1,10,50,10,10,0
559,559,4,10,1,10,50,10,10,0
560,560,4,16,1,10,50,10,10,0
561,561,10,4,1,10,50,10,10,0
562,562,10,10,1,10,50,10,10,0
563,563,10,16,1,10,50,10,10,0
564,564,16,4,1,10,50,10,10,0
565,565,16,10,1,10,50,10,10,0
566,566,16,16,1,10,50,10,10,0
576,576,4,4,1,11,50,10,10,0
577,577,4,10,1,11,50,10,10,0
578,578,4,16,1,11,50,10,10,0
579,579,10,4,1,11,50,10,10,0
580,580,10,10,1,11,50,10,10,0
581,581,10,16,1,11,50,10,10,0
582,582,16,4,1,11,50,10,10,0
583,583,16,10,1,11,50,10,10,0
584,584,16,16,1,11,50,10,10,0
594,594,4,4,1,9,70,10,10,0
595,595,4,10,1,9,70,10,10,0
596,596,4,16,1,9,70,10,10,0
597,597,10,4,1,9,70,10,10,0
598,598,10,10,1,9,70,10,10,0
599,599,10,16,1,9,70,10,10,0
600,600,16,4,1,9,70,10,10,0
601,601,16,10,1,9,70,10,10,0
602,602,16,16,1,9,70,10,10,0
612,612,4,4,1,10,70,10,10,0
613,613,4,10,1,10,70,10,10,0
614,614,4,16,1,10,70,10,10,0
615,615,10,4,1,10,70,10,10,0
616,616,10,10,1,10,70,10,10,0
617,617,10,16,1,10,70,10,10,0
618,618,16,4,1,10,70,10,10,0
619,619,16,10,1,10,70,10,10,0
620,620,16,16,1,10,70,10,10,0
630,630,4,4,1,11,70,10,10,0
631,631,4,10,1,11,70,10,10,0
632,632,4,16,1,11,70,10,10,0
633,633,10,4,1,11,70,10,10,0
634,634,10,10,1,11,70,10,10,0
635,635,10,16,1,11,70,10,10,0
636,636,16,4,1,11,70,10,10,0
637,637,16,10,1,11,70,10,10,0
638,638,16,16,1,11,70,10,10,0
648,648,4,4,1,9,30,20,10,0
649,649,4,10,1,9,30,20,10,0
650,650,4,16,1,9,30,20,10,0
651,651,10,4,1,9,30,20,10,0
652,652,10,10,1,9,30,20,10,0
653,653,10,16,1,9,30,20,10,0
654,654,16,4,1,9,30,20,10,0
655,655,16,10,1,9,30,20,10,0
656,656,16,16,1,9,30,20,10,0
657,657,4,4,0,9,30,20,10,0
658,658,4,10,0,9,30,20,10,0
659,659,4,16,0,9,30,20,10,0
660,660,10,4,0,9,30,20,10,0
661,661,10,10,0,9,30,20,10,0
662,662,10,16,0,9,30,20,10,0
663,663,16,4,0,9,30,20,10,0
664,664,16,10,0,9,30,20,10,0
665,665,16,16,0,9,30,20,10,0
666,666,4,4,1,10,30,20,10,0
667,667,4,10,1,10,30,20,10,0
668,668,4,16,1,10,30,20,10,0
669,669,10,4,1,10,30,20,10,0
670,670,10,10,1,10,30,20,10,0
671,671,10,16,1,10,30,20,10,0
672,672,16,4,1,10,30,20,10,0
673,673,16,10,1,10,30,20,10,0
674,674,16,16,1,10,30,20,10,0
684,684,4,4,1,11,30,20,10,0
685,685,4,10,1,11,30,20,10,0
686,686,4,16,1,11,30,20,10,0
687,687,10,4,1,11,30,20,10,0
688,688,10,10,1,11,30,20,10,0
689,689,10,16,1,11,30,20,10,0
690,690,16,4,1,11,30,20,10,0
691,691,16,10,1,11,30,20,10,0
692,692,16,16,1,11,30,20,10,0
702,702,4,4,1,9,50,20,10,0
703,703,4,10,1,9,50,20,10,0
704,704,4,16,1,9,50,20,10,0
705,705,10,4,1,9,50,20,10,0
706,706,10,10,1,9,50,20,10,0
707,707,10,16,1,9,50,20,10,0
708,708,16,4,1,9,50,20,10,0
709,709,16,10,1,9,50,20,10,0
710,710,16,16,1,9,50,20,10,0
720,720,4,4,1,10,50,20,10,0
721,721,4,10,1,10,50,20,10,0
722,722,4,16,1,10,50,20,10,0
723,723,10,4,1,10,50,20,10,0
724,724,10,10,1,10,50,20,10,0
725,725,10,16,1,10,50,20,10,0
726,726,16,4,1,10,50,20,10,0
727,727,16,10,1,10,50,20,10,0
728,728,16,16,1,10,50,20,10,0
738,738,4,4,1,11,50,20,10,0
739,739,4,10,1,11,50,20,10,0
740,740,4,16,1,11,50,20,10,0
741,741,10,4,1,11,50,20,10,0
742,742,10,10,1,11,50,20,10,0
743,743,10,16,1,11,50,20,10,0
744,744,16,4,1,11,50,20,10,0
745,745,16,10,1,11,50,20,10,0
746,746,16,16,1,11,50,20,10,0
756,756,4,4,1,9,70,20,10,0
757,757,4,10,1,9,70,20,10,0
758,758,4,16,1,9,70,20,10,0
759,759,10,4,1,9,70,20,10,0
760,760,10,10,1,9,70,20,10,0
761,761,10,16,1,9,70,20,10,0
762,762,16,4,1,9,70,20,10,0
763,763,16,10,1,9,70,20,10,0
764,764,16,16,1,9,70,20,10,0
774,774,4,4,1,10,70,20,10,0
775,775,4,10,1,10,70,20,10,0
776,776,4,16,1,10,70,20,10,0
777,777,10,4,1,10,70,20,10,0
778,778,10,10,1,10,70,20,10,0
779,779,10,16,1,10,70,20,10,0
780,780,16,4,1,10,70,20,10,0
781,781,16,10,1,10,70,20,10,0
782,782,16,16,1,10,70,20,10,0
792,792,4,4,1,11,70,20,10,0
793,793,4,10,1,11,70,20,10,0
794,794,4,16,1,11,70,20,10,0
795,795,10,4,1,11,70,20,10,0
796,796,10,10,1,11,70,20,10,0
797,797,10,16,1,11,70,20,10,0
798,798,16,4,1,11,70,20,10,0
799,799,16,10,1,11,70,20,10,0
800,800,16,16,1,11,70,20,10,0
810,810,4,4,1,9,30,30,10,0
811,811,4,10,1,9,30,30,10,0
812,812,4,16,1,9,30,30,10,0
813,813,10,4,1,9,30,30,10,0
814,814,10,10,1,9,30,30,10,0
815,815,10,16,1,9,30,30,10,0
816,816,16,4,1,9,30,30,10,0
817,817,16,10,1,9,30,30,10,0
818,818,16,16,1,9,30,30,10,0
819,819,4,4,0,9,30,30,10,0
820,820,4,10,0,9,30,30,10,0
821,821,4,16,0,9,30,30,10,0
822,822,10,4,0,9,30,30,10,0
823,823,10,10,0,9,30,30,10,0
824,824,10,16,0,9,30,30,10,0
825,825,16,4,0,9,30,30,10,0
826,826,16,10,0,9,30,30,10,0
827,827,16,16,0,9,30,30,10,0
828,828,4,4,1,10,30,30,10,0
829,829,4,10,1,10,30,30,10,0
830,830,4,16,1,10,30,30,10,0
831,831,10,4,1,10,30,30,10,0
832,832,10,10,1,10,30,30,10,0
833,833,10,16,1,10,30,30,10,0
834,834,16,4,1,10,30,30,10,0
835,835,16,10,1,10,30,30,10,0
836,836,16,16,1,10,30,30,10,0
846,846,4,4,1,11,30,30,10,0
847,847,4,10,1,11,30,30,10,0
848,848,4,16,1,11,30,30,10,0
849,849,10,4,1,11,30,30,10,0
850,850,10,10,1,11,30,30,10,0
851,851,10,16,1,11,30,30,10,0
852,852,16,4,1,11,30,30,10,0
853,853,16,10,1,11,30,30,10,0
854,854,16,16,1,11,30,30,10,0
864,864,4,4,1,9,50,30,10,0
865,865,4,10,1,9,50,30,10,0
866,866,4,16,1,9,50,30,10,0
867,867,10,4,1,9,50,30,10,0
868,868,10,10,1,9,50,30,10,0
869,869,10,16,1,9,50,30,10,0
870,870,16,4,1,9,50,30,10,0
871,871,16,10,1,9,50,30,10,0
872,872,16,16,1,9,50,30,10,0
882,882,4,4,1,10,50,30,10,0
883,883,4,10,1,10,50,30,10,0
884,884,4,16,1,10,50,30,10,0
885,885,10,4,1,10,50,30,10,0
886,886,10,10,1,10,50,30,10,0
887,887,10,16,1,10,50,30,10,0
888,888,16,4,1,10,50,30,10,0
889,889,16,10,1,10,50,30,10,0
890,890,16,16,1,10,50,30,10,0
900,900,4,4,1,11,50,30,10,0
901,901,4,10,1,11,50,30,10,0
902,902,4,16,1,11,50,30,10,0
903,903,10,4,1,11,50,30,10,0
904,904,10,10,1,11,50,30,10,0
905,905,10,16,1,11,50,30,10,0
906,906,16,4,1,11,50,30,10,0
907,907,16,10,1,11,50,30,10,0
908,908,16,16,1,11,50,30,10,0
918,918,4,4,1,9,70,30,10,0
919,919,4,10,1,9,70,30,10,0
920,920,4,16,1,9,70,30,10,0
921,921,10,4,1,9,70,30,10,0
922,922,10,10,1,9,70,30,10,0
923,923,10,16,1,9,70,30,10,0
924,924,16,4,1,9,70,30,10,0
925,925,16,10,1,9,70,30,10,0
926,926,16,16,1,9,70,30,10,0
936,936,4,4,1,10,70,30,10,0
937,937,4,10,1,10,70,30,10,0
938,938,4,16,1,10,70,30,10,0
939,939,10,4,1,10,70,30,10,0
940,940,10,10,1,10,70,30,10,0
941,941,10,16,1,10,70,30,10,0
942,942,16,4,1,10,70,30,10,0
943,943,16,10,1,10,70,30,10,0
944,944,16,16,1,10,70,30,10,0
954,954,4,4,1,11,70,30,10,0
955,955,4,10,1,11,70,30,10,0
956,956,4,16,1,11,70,30,10,0
957,957,10,4,1,11,70,30,10,0
958,958,10,10,1,11,70,30,10,0
959,959,10,16,1,11,70,30,10,0
960,960,16,4,1,11,70,30,10,0
961,961,16,10,1,11,70,30,10,0
962,962,16,16,1,11,70,30,10,0
972,972,4,4,1,9,30,10,15,0
973,973,4,10,1,9,30,10,15,0
974,974,4,16,1,9,30,10,15,0
975,975,10,4,1,9,30,10,15,0
976,976,10,10,1,9,30,10,15,0
977,977,10,16,1,9,30,10,15,0
978,978,16,4,1,9,30,10,15,0
979,979,16,10,1,9,30,10,15,0
980,980,16,16,1,9,30,10,15,0
981,981,4,4,0,9,30,10,15,0
982,982,4,10,0,9,30,10,15,0
983,983,4,16,0,9,30,10,15,0
984,984,10,4,0,9,30,10,15,0
985,985,10,10,0,9,30,10,15,0
986,986,10,16,0,9,30,10,15,0
987,987,16,4,0,9,30,10,15,0
988,988,16,10,0,9,30,10,15,0
989,989,16,16,0,9,30,10,15,0
990,990,4,4,1,10,30,10,15,0
991,991,4,10,1,10,30,10,15,0
992,992,4,16,1,10,30,10,15,0
993,993,10,4,1,10,30,10,15,0
994,994,10,10,1,10,30,10,15,0
995,995,10,16,1,10,30,10,15,0
996,996,16,4,1,10,30,10,15,0
997,997,16,10,1,10,30,10,15,0
998,998,16,16,1,10,30,10,15,0
1008,1008,4,4,1,11,30,10,15,0
1009,1009,4,10,1,11,30,10,15,0
1010,1010,4,16,1,11,30,10,15,0
1011,1011,10,4,1,11,30,10,15,0
1012,1012,10,10,1,11,30,10,15,0
1013,1013,10,16,1,11,30,10,15,0
1014,1014,16,4,1,11,30,10,15,0
1015,1015,16,10,1,11,30,10,15,0
1016,1016,16,16,1,11,30,10,15,0
1026,1026,4,4,1,9,50,10,15,0
1027,1027,4,10,1,9,50,10,15,0
1028,1028,4,16,1,9,50,10,15,0
1029,1029,10,4,1,9,50,10,15,0
1030,1030,10,10,1,9,50,10,15,0
1031,1031,10,16,1,9,50,10,15,0
1032,1032,16,4,1,9,50,10,15,0
1033,1033,16,10,1,9,50,10,15,0
1034,1034,16,16,1,9,50,10,15,0
1044,1044,4,4,1,10,50,10,15,0
1045,1045,4,10,1,10,50,10,15,0
1046,1046,4,16,1,10,50,10,15,0
1047,1047,10,4,1,10,50,10,15,0
1048,1048,10,10,1,10,50,10,15,0
1049,1049,10,16,1,10,50,10,15,0
1050,1050,16,4,1,10,50,10,15,0
1051,1051,16,10,1,10,50,10,15,0
1052,1052,16,16,1,10,50,10,15,0
1062,1062,4,4,1,11,50,10,15,0
1063,1063,4,10,1,11,50,10,15,0
1064,1064,4,16,1,11,50,10,15,0
1065,1065,10,4,1,11,50,10,15,0
1066,1066,10,10,1,11,50,10,15,0
1067,1067,10,16,1,11,50,10,15,0
1068,1068,16,4,1,11,50,10,15,0
1069,1069,16,10,1,11,50,10,15,0
1070,1070,16,16,1,11,50,10,15,0
1080,1080,4,4,1,9,70,10,15,0
1081,1081,4,10,1,9,70,10,15,0
1082,1082,4,16,1,9,70,10,15,0
1083,1083,10,4,1,9,70,10,15,0
1084,1084,10,10,1,9,70,10,15,0
1085,1085,10,16,1,9,70,10,15,0
1086,1086,16,4,1,9,70,10,15,0
1087,1087,16,10,1,9,70,10,15,0
1088,1088,16,16,1,9,70,10,15,0
1098,1098,4,4,1,10,70,10,15,0
1099,1099,4,10,1,10,70,10,15,0
1100,1100,4,16,1,10,70,10,15,0
1101,1101,10,4,1,10,70,10,15,0
1102,1102,10,10,1,10,70,10,15,0
1103,1103,10,16,1,10,70,10,15,0
1104,1104,16,4,1,10,70,10,15,0
1105,1105,16,10,1,10,70,10,15,0
1106,1106,16,16,1,10,70,10,15,0
1116,1116,4,4,1,11,70,10,15,0
1117,1117,4,10,1,11,70,10,15,0
1118,1118,4,16,1,11,70,10,15,0
1119,1119,10,4,1,11,70,10,15,0
1120,1120,10,10,1,11,70,10,15,0
1121,1121,10,16,1,11,70,10,15,0
1122,1122,16,4,1,11,70,10,15,0
1123,1123,16,10,1,11,70,10,15,0
1124,1124,16,16,1,11,70,10,15,0
1134,1134,4,4,1,9,30,20,15,0
1135,1135,4,10,1,9,30,20,15,0
1136,1136,4,16,1,9,30,20,15,0
1137,1137,10,4,1,9,30,20,15,0
1138,1138,10,10,1,9,30,20,15,0
1139,1139,10,16,1,9,30,20,15,0
1140,1140,16,4,1,9,30,20,15,0
1141,1141,16,10,1,9,30,20,15,0
1142,1142,16,16,1,9,30,20,15,0
1143,1143,4,4,0,9,30,20,15,0
1144,1144,4,10,0,9,30,20,15,0
1145,1145,4,16,0,9,30,20,15,0
1146,1146,10,4,0,9,30,20,15,0
1147,1147,10,10,0,9,30,20,15,0
1148,1148,10,16,0,9,30,20,15,0
1149,1149,16,4,0,9,30,20,15,0
1150,1150,16,10,0,9,30,20,15,0
1151,1151,16,16,0,9,30,20,15,0
1152,1152,4,4,1,10,30,20,15,0
1153,1153,4,10,1,10,30,20,15,0
1154,1154,4,16,1,10,30,20,15,0
1155,1155,10,4,1,10,30,20,15,0
1156,1156,10,10,1,10,30,20,15,0
1157,1157,10,16,1,10,30,20,15,0
1158,1158,16,4,1,10,30,20,15,0
1159,1159,16,10,1,10,30,20,15,0
1160,1160,16,16,1,10,30,20,15,0
1170,1170,4,4,1,11,30,20,15,0
1171,1171,4,10,1,11,30,20,15,0
1172,1172,4,16,1,11,30,20,15,0
1173,1173,10,4,1,11,30,20,15,0
1174,1174,10,10,1,11,30,20,15,0
1175,1175,10,16,1,11,30,20,15,0
1176,1176,16,4,1,11,30,20,15,0
1177,1177,16,10,1,11,30,20,15,0
1178,1178,16,16,1,11,30,20,15,0
1188,1188,4,4,1,9,50,20,15,0
1189,1189,4,10,1,9,50,20,15,0
1190,1190,4,16,1,9,50,20,15,0
1191,1191,10,4,1,9,50,20,15,0
1192,1192,10,10,1,9,50,20,15,0
1193,1193,10,16,1,9,50,20,15,0
1194,1194,16,4,1,9,50,20,15,0
1195,1195,16,10,1,9,50,20,15,0
1196,1196,16,16,1,9,50,20,15,0
1206,1206,4,4,1,10,50,20,15,0
1207,1207,4,10,1,10,50,20,15,0
1208,1208,4,16,1,10,50,20,15,0
1209,1209,10,4,1,10,50,20,15,0
1210,1210,10,10,1,10,50,20,15,0
1211,1211,10,16,1,10,50,20,15,0
1212,1212,16,4,1,10,50,20,15,0
1213,1213,16,10,1,10,50,20,15,0
1214,1214,16,16,1,10,50,20,15,0
1224,1224,4,4,1,11,50,20,15,0
1225,1225,4,10,1,11,50,20,15,0
1226,1226,4,16,1,11,50,20,15,0
1227,1227,10,4,1,11,50,20,15,0
1228,1228,10,10,1,11,50,20,15,0
1229,1229,10,16,1,11,50,20,15,0
1230,1230,16,4,1,11,50,20,15,0
1231,1231,16,10,1,11,50,20,15,0
1232,1232,16,16,1,11,50,20,15,0
1242,1242,4,4,1,9,70,20,15,0
1243,1243,4,10,1,9,70,20,15,0
1244,1244,4,16,1,9,70,20,15,0
1245,1245,10,4,1,9,70,20,15,0
1246,1246,10,10,1,9,70,20,15,0
1247,1247,10,16,1,9,70,20,15,0
1248,1248,16,4,1,9,70,20,15,0
1249,1249,16,10,1,9,70,20,15,0
1250,1250,16,16,1,9,70,20,15,0
1260,1260,4,4,1,10,70,20,15,0
1261,1261,4,10,1,10,70,20,15,0
1262,1262,4,16,1,10,70,20,15,0
1263,1263,10,4,1,10,70,20,15,0
1264,1264,10,10,1,10,70,20,15,0
1265,1265,10,16,1,10,70,20,15,0
1266,1266,16,4,1,10,70,20,15,0
1267,1267,16,10,1,10,70,20,15,0
1268,1268,16,16,1,10,70,20,15,0
1278,1278,4,4,1,11,70,20,15,0
1279,1279,4,10,1,11,70,20,15,0
1280,1280,4,16,1,11,70,20,15,0
1281,1281,10,4,1,11,70,20,15,0
1282,1282,10,10,1,11,70,20,15,0
1283,1283,10,16,1,11,70,20,15,0
1284,1284,16,4,1,11,70,20,15,0
1285,1285,16,10,1,11,70,20,15,0
1286,1286,16,16,1,11,70,20,15,0
1296,1296,4,4,1,9,30,30,15,0
1297,1297,4,10,1,9,30,30,15,0
1298,1298,4,16,1,9,30,30,15,0
1299,1299,10,4,1,9,30,30,15,0
1300,1300,10,10,1,9,30,30,15,0
1301,1301,10,16,1,9,30,30,15,0
1302,1302,16,4,1,9,30,30,15,0
1303,1303,16,10,1,9,30,30,15,0
1304,1304,16,16,1,9,30,30,15,0
1305,1305,4,4,0,9,30,30,15,0
1306,1306,4,10,0,9,30,30,15,0
1307,1307,4,16,0,9,30,30,15,0
1308,1308,10,4,0,9,30,30,15,0
1309,1309,10,10,0,9,30,30,15,0
1310,1310,10,16,0,9,30,30,15,0
1311,1311,16,4,0,9,30,30,15,0
1312,1312,16,10,0,9,30,30,15,0
1313,1313,16,16,0,9,30,30,15,0
1314,1314,4,4,1,10,30,30,15,0
1315,1315,4,10,1,10,30,30,15,0
1316,1316,4,16,1,10,30,30,15,0
1317,1317,10,4,1,10,30,30,15,0
1318,1318,10,10,1,10,30,30,15,0
1319,1319,10,16,1,10,30,30,15,0
1320,1320,16,4,1,10,30,30,15,0
1321,1321,16,10,1,10,30,30,15,0
1322,1322,16,16,1,10,30,30,15,0
1332,1332,4,4,1,11,30,30,15,0
1333,1333,4,10,1,11,30,30,15,0
1334,1334,4,16,1,11,30,30,15,0
1335,1335,10,4,1,11,30,30,15,0
1336,1336,10,10,1,11,30,30,15,0
1337,1337,10,16,1,11,30,30,15,0
1338,1338,16,4,1,11,30,30,15,0
1339,1339,16,10,1,11,30,30,15,0
1340,1340,16,16,1,11,30,30,15,0
1350,1350,4,4,1,9,50,30,15,0
1351,1351,4,10,1,9,50,30,15,0
1352,1352,4,16,1,9,50,30,15,0
1353,1353,10,4,1,9,50,30,15,0
1354,1354,10,10,1,9,50,30,15,0
1355,1355,10,16,1,9,50,30,15,0
1356,1356,16,4,1,9,50,30,15,0
1357,1357,16,10,1,9,50,30,15,0
1358,1358,16,16,1,9,50,30,15,0
1368,1368,4,4,1,10,50,30,15,0
1369,1369,4,10,1,10,50,30,15,0
1370,1370,4,16,1,10,50,30,15,0
1371,1371,10,4,1,10,50,30,15,0
1372,1372,10,10,1,10,50,30,15,0
1373,1373,10,16,1,10,50,30,15,0
1374,1374,16,4,1,10,50,30,15,0
1375,1375,16,10,1,10,50,30,15,0
1376,1376,16,16,1,10,50,30,15,0
1386,1386,4,4,1,11,50,30,15,0
1387,1387,4,10,1,11,50,30,15,0
1388,1388,4,16,1,11,50,30,15,0
1389,1389,10,4,1,11,50,30,15,0
1390,1390,10,10,1,11,50,30,15,0
1391,1391,10,16,1,11,50,30,15,0
1392,1392,16,4,1,11,50,30,15,0
1393,1393,16,10,1,11,50,30,15,0
1394,1394,16,16,1,11,50,30,15,0
1404,1404,4,4,1,9,70,30,15,0
1405,1405,4,10,1,9,70,30,15,0
1406,1406,4,16,1,9,70,30,15,0
1407,1407,10,4,1,9,70,30,15,0
1408,1408,10,10,1,9,70,30,15,0
1409,1409,10,16,1,9,70,30,15,0
1410,1410,16,4,1,9,70,30,15,0
1411,1411,16,10,1,9,70,30,15,0
1412,1412,16,16,1,9,70,30,15,0
1422,1422,4,4,1,10,70,30,15,0
1423,1423,4,10,1,10,70,30,15,0
1424,1424,4,16,1,10,70,30,15,0
1425,1425,10,4,1,10,70,30,15,0
1426,1426,10,10,1,10,70,30,15,0
1427,1427,10,16,1,10,70,30,15,0
1428,1428,16,4,1,10,70,30,15,0
1429,1429,16,10,1,10,70,30,15,0
1430,1430,16,16,1,10,70,30,15,0
1440,1440,4,4,1,11,70,30,15,0
1441,1441,4,10,1,11,70,30,15,0
1442,1442,4,16,1,11,70,30,15,0
1443,1443,10,4,1,11,70,30,15,0
1444,1444,10,10,1,11,70,30,15,0
1445,1445,10,16,1,11,70,30,15,0
1446,1446,16,4,1,11,70,30,15,0
1447,1447,16,10,1,11,70,30,15,0
1448,1448,16,16,1,11,70,30,15,0
1458,1458,4,4,1,9,30,10,5,1
1459,1459,4,10,1,9,30,10,5,1
1460,1460,4,16,1,9,30,10,5,1
1461,1461,10,4,1,9,30,10,5,1
1462,1462,10,10,1,9,30,10,5,1
1463,1463,10,16,1,9,30,10,5,1
1464,1464,16,4,1,9,30,10,5,1
1465,1465,16,10,1,9,30,10,5,1
1466,1466,16,16,1,9,30,10,5,1
1467,1467,4,4,0,9,30,10,5,1
1468,1468,4,10,0,9,30,10,5,1
1469,1469,4,16,0,9,30,10,5,1
1470,1470,10,4,0,9,30,10,5,1
1471,1471,10,10,0,9,30,10,5,1
1472,1472,10,16,0,9,30,10,5,1
1473,1473,16,4,0,9,30,10,5,1
1474,1474,16,10,0,9,30,10,5,1
1475,1475,16,16,0,9,30,10,5,1
1476,1476,4,4,1,10,30,10,5,1
1477,1477,4,10,1,10,30,10,5,1
1478,1478,4,16,1,10,30,10,5,1
1479,1479,10,4,1,10,30,10,5,1
1480,1480,10,10,1,10,30,10,5,1
1481,1481,10,16,1,10,30,10,5,1
1482,1482,16,4,1,10,30,10,5,1
1483,1483,16,10,1,10,30,10,5,1
1484,1484,16,16,1,10,30,10,5,1
1494,1494,4,4,1,11,30,10,5,1
1495,1495,4,10,1,11,30,10,5,1
1496,1496,4,16,1,11,30,10,5,1
1497,1497,10,4,1,11,30,10,5,1
1498,1498,10,10,1,11,30,10,5,1
1499,1499,10,16,1,11,30,10,5,1
1500,1500,16,4,1,11,30,10,5,1
1501,1501,16,10,1,11,30,10,5,1
1502,1502,16,16,1,11,30,10,5,1
1512,1512,4,4,1,9,50,10,5,1
1513,1513,4,10,1,9,50,10,5,1
1514,1514,4,16,1,9,50,10,5,1
1515,1515,10,4,1,9,50,10,5,1
1516,1516,10,10,1,9,50,10,5,1
1517,1517,10,16,1,9,50,10,5,1
1518,1518,16,4,1,9,50,10,5,1
1519,1519,16,10,1,9,50,10,5,1
1520,1520,16,16,1,9,50,10,5,1
1530,1530,4,4,1,10,50,10,5,1
1531,1531,4,10,1,10,50,10,5,1
1532,1532,4,16,1,10,50,10,5,1
1533,1533,10,4,1,10,50,10,5,1
1534,1534,10,10,1,10,50,10,5,1
1535,1535,10,16,1,10,50,10,5,1
1536,1536,16,4,1,10,50,10,5,1
1537,1537,16,10,1,10,50,10,5,1
1538,1538,16,16,1,10,50,10,5,1
1548,1548,4,4,1,11,50,10,5,1
1549,1549,4,10,1,11,50,10,5,1
1550,1550,4,16,1,11,50,10,5,1
1551,1551,10,4,1,11,50,10,5,1
1552,1552,10,10,1,11,50,10,5,1
1553,1553,10,16,1,11,50,10,5,1
1554,1554,16,4,1,11,50,10,5,1
1555,1555,16,10,1,11,50,10,5,1
1556,1556,16,16,1,11,50,10,5,1
1566,1566,4,4,1,9,70,10,5,1
1567,1567,4,10,1,9,70,10,5,1
1568,1568,4,16,1,9,70,10,5,1
1569,1569,10,4,1,9,70,10,5,1
1570,1570,10,10,1,9,70,10,5,1
1571,1571,10,16,1,9,70,10,5,1
1572,1572,16,4,1,9,70,10,5,1
1573,1573,16,10,1,9,70,10,5,1
1574,1574,16,16,1,9,70,10,5,1
1584,1584,4,4,1,10,70,10,5,1
1585,1585,4,10,1,10,70,10,5,1
1586,1586,4,16,1,10,70,10,5,1
1587,1587,10,4,1,10,70,10,5,1
1588,1588,10,10,1,10,70,10,5,1
1589,1589,10,16,1,10,70,10,5,1
1590,1590,16,4,1,10,70,10,5,1
1591,1591,16,10,1,10,70,10,5,1
1592,1592,16,16,1,10,70,10,5,1
1602,1602,4,4,1,11,70,10,5,1
1603,1603,4,10,1,11,70,10,5,1
1604,1604,4,16,1,11,70,10,5,1
1605,1605,10,4,1,11,70,10,5,1
1606,1606,10,10,1,11,70,10,5,1
1607,1607,10,16,1,11,70,10,5,1
1608,1608,16,4,1,11,70,10,5,1
1609,1609,16,10,1,11,70,10,5,1
1610,1610,16,16,1,11,70,10,5,1
1620,1620,4,4,1,9,30,20,5,1
1621,1621,4,10,1,9,30,20,5,1
1622,1622,4,16,1,9,30,20,5,1
1623,1623,10,4,1,9,30,20,5,1
1624,1624,10,10,1,9,30,20,5,1
1625,1625,10,16,1,9,30,20,5,1
1626,1626,16,4,1,9,30,20,5,1
1627,1627,16,10,1,9,30,20,5,1
1628,1628,16,16,1,9,30,20,5,1
1629,1629,4,4,0,9,30,20,5,1
1630,1630,4,10,0,9,30,20,5,1
1631,1631,4,16,0,9,30,20,5,1
1632,1632,10,4,0,9,30,20,5,1
1633,1633,10,10,0,9,30,20,5,1
1634,1634,10,16,0,9,30,20,5,1
1635,1635,16,4,0,9,30,20,5,1
1636,1636,16,10,0,9,30,20,5,1
1637,1637,16,16,0,9,30,20,5,1
1638,1638,4,4,1,10,30,20,5,1
1639,1639,4,10,1,10,30,20,5,1
1640,1640,4,16,1,10,30,20,5,1
1641,1641,10,4,1,10,30,20,5,1
1642,1642,10,10,1,10,30,20,5,1
1643,1643,10,16,1,10,30,20,5,1
1644,1644,16,4,1,10,30,20,5,1
1645,1645,16,10,1,10,30,20,5,1
1646,1646,16,16,1,10,30,20,5,1
1656,1656,4,4,1,11,30,20,5,1
1657,1657,4,10,1,11,30,20,5,1
1658,1658,4,16,1,11,30,20,5,1
1659,1659,10,4,1,11,30,20,5,1
1660,1660,10,10,1,11,30,20,5,1
1661,1661,10,16,1,11,30,20,5,1
1662,1662,16,4,1,11,30,20,5,1
1663,1663,16,10,1,11,30,20,5,1
1664,1664,16,16,1,11,30,20,5,1
1674,1674,4,4,1,9,50,20,5,1
1675,1675,4,10,1,9,50,20,5,1
1676,1676,4,16,1,9,50,20,5,1
1677,1677,10,4,1,9,50,20,5,1
1678,1678,10,10,1,9,50,20,5,1
1679,1679,10,16,1,9,50,20,5,1
1680,1680,16,4,1,9,50,20,5,1
1681,1681,16,10,1,9,50,20,5,1
1682,1682,16,16,1,9,50,20,5,1
1692,1692,4,4,1,10,50,20,5,1
1693,1693,4,10,1,10,50,20,5,1
1694,1694,4,16,1,10,50,20,5,1
1695,1695,10,4,1,10,50,20,5,1
1696,1696,10,10,1,10,50,20,5,1
1697,1697,10,16,1,10,50,20,5,1
1698,1698,16,4,1,10,50,20,5,1
1699,1699,16,10,1,10,50,20,5,1
1700,1700,16,16,1,10,50,20,5,1
1710,1710,4,4,1,11,50,20,5,1
1711,1711,4,10,1,11,50,20,5,1
1712,1712,4,16,1,11,50,20,5,1
1713,1713,10,4,1,11,50,20,5,1
1714,1714,10,10,1,11,50,20,5,1
1715,1715,10,16,1,11,50,20,5,1
1716,1716,16,4,1,11,50,20,5,1
1717,1717,16,10,1,11,50,20,5,1
1718,1718,16,16,1,11,50,20,5,1
1728,1728,4,4,1,9,70,20,5,1
1729,1729,4,10,1,9,70,20,5,1
1730,1730,4,16,1,9,70,20,5,1
1731,1731,10,4,1,9,70,20,5,1
1732,1732,10,10,1,9,70,20,5,1
1733,1733,10,16,1,9,70,20,5,1
1734,1734,16,4,1,9,70,20,5,1
1735,1735,16,10,1,9,70,20,5,1
1736,1736,16,16,1,9,70,20,5,1
1746,1746,4,4,1,10,70,20,5,1
1747,1747,4,10,1,10,70,20,5,1
1748,1748,4,16,1,10,70,20,5,1
1749,1749,10,4,1,10,70,20,5,1
1750,1750,10,10,1,10,70,20,5,1
1751,1751,10,16,1,10,70,20,5,1
1752,1752,16,4,1,10,70,20,5,1
1753,1753,16,10,1,10,70,20,5,1
1754,1754,16,16,1,10,70,20,5,1
1764,1764,4,4,1,11,70,20,5,1
1765,1765,4,10,1,11,70,20,5,1
1766,1766,4,16,1,11,70,20,5,1
1767,1767,10,4,1,11,70,20,5,1
1768,1768,10,10,1,11,70,20,5,1
1769,1769,10,16,1,11,70,20,5,1
1770,1770,16,4,1,11,70,20,5,1
1771,1771,16,10,1,11,70,20,5,1
1772,1772,16,16,1,11,70,20,5,1
1782,1782,4,4,1,9,30,30,5,1
1783,1783,4,10,1,9,30,30,5,1
1784,1784,4,16,1,9,30,30,5,1
1785,1785,10,4,1,9,30,30,5,1
1786,1786,10,10,1,9,30,30,5,1
1787,1787,10,16,1,9,30,30,5,1
1788,1788,16,4,1,9,30,30,5,1
1789,1789,16,10,1,9,30,30,5,1
1790,1790,16,16,1,9,30,30,5,1
1791,1791,4,4,0,9,30,30,5,1
1792,1792,4,10,0,9,30,30,5,1
1793,1793,4,16,0,9,30,30,5,1
1794,1794,10,4,0,9,30,30,5,1
1795,1795,10,10,0,9,30,30,5,1
1796,1796,10,16,0,9,30,30,5,1
1797,1797,16,4,0,9,30,30,5,1
1798,1798,16,10,0,9,30,30,5,1
1799,1799,16,16,0,9,30,30,5,1
1800,1800,4,4,1,10,30,30,5,1
1801,1801,4,10,1,10,30,30,5,1
1802,1802,4,16,1,10,30,30,5,1
1803,1803,10,4,1,10,30,30,5,1
1804,1804,10,10,1,10,30,30,5,1
1805,1805,10,16,1,10,30,30,5,1
1806,1806,16,4,1,10,30,30,5,1
1807,1807,16,10,1,10,30,30,5,1
1808,1808,16,16,1,10,30,30,5,1
1818,1818,4,4,1,11,30,30,5,1
1819,1819,4,10,1,11,30,30,5,1
1820,1820,4,16,1,11,30,30,5,1
1821,1821,10,4,1,11,30,30,5,1
1822,1822,10,10,1,11,30,30,5,1
1823,1823,10,16,1,11,30,30,5,1
1824,1824,16,4,1,11,30,30,5,1
1825,1825,16,10,1,11,30,30,5,1
1826,1826,16,16,1,11,30,30,5,1
1836,1836,4,4,1,9,50,30,5,1
1837,1837,4,10,1,9,50,30,5,1
1838,1838,4,16,1,9,50,30,5,1
1839,1839,10,4,1,9,50,30,5,1
1840,1840,10,10,1,9,50,30,5,1
1841,1841,10,16,1,9,50,30,5,1
1842,1842,16,4,1,9,50,30,5,1
1843,1843,16,10,1,9,50,30,5,1
1844,1844,16,16,1,9,50,30,5,1
1854,1854,4,4,1,10,50,30,5,1
1855,1855,4,10,1,10,50,30,5,1
1856,1856,4,16,1,10,50,30,5,1
1857,1857,10,4,1,10,50,30,5,1
1858,1858,10,10,1,10,50,30,5,1
1859,1859,10,16,1,10,50,30,5,1
1860,1860,16,4,1,10,50,30,5,1
1861,1861,16,10,1,10,50,30,5,1
1862,1862,16,16,1,10,50,30,5,1
1872,1872,4,4,1,11,50,30,5,1
1873,1873,4,10,1,11,50,30,5,1
1874,1874,4,16,1,11,50,30,5,1
1875,1875,10,4,1,11,50,30,5,1
1876,1876,10,10,1,11,50,30,5,1
1877,1877,10,16,1,11,50,30,5,1
1878,1878,16,4,1,11,50,30,5,1
1879,1879,16,10,1,11,50,30,5,1
1880,1880,16,16,1,11,50,30,5,1
1890,1890,4,4,1,9,70,30,5,1
1891,1891,4,10,1,9,70,30,5,1
1892,1892,4,16,1,9,70,30,5,1
1893,1893,10,4,1,9,70,30,5,1
1894,1894,10,10,1,9,70,30,5,1
1895,1895,10,16,1,9,70,30,5,1
1896,1896,16,4,1,9,70,30,5,1
1897,1897,16,10,1,9,70,30,5,1
1898,1898,16,16,1,9,70,30,5,1
1908,1908,4,4,1,10,70,30,5,1
1909,1909,4,10,1,10,70,30,5,1
1910,1910,4,16,1,10,70,30,5,1
1911,1911,10,4,1,10,70,30,5,1
1912,1912,10,10,1,10,70,30,5,1
1913,1913,10,16,1,10,70,30,5,1
1914,1914,16,4,1,10,70,30,5,1
1915,1915,16,10,1,10,70,30,5,1
1916,1916,16,16,1,10,70,30,5,1
1926,1926,4,4,1,11,70,30,5,1
1927,1927,4,10,1,11,70,30,5,1
1928,1928,4,16,1,11,70,30,5,1
1929,1929,10,4,1,11,70,30,5,1
1930,1930,10,10,1,11,70,30,5,1
1931,1931,10,16,1,11,70,30,5,1
1932,1932,16,4,1,11,70,30,5,1
1933,1933,16,10,1,11,70,30,5,1
1934,1934,16,16,1,11,70,30,5,1
1944,1944,4,4,1,9,30,10,10,1
1945,1945,4,10,1,9,30,10,10,1
1946,1946,4,16,1,9,30,10,10,1
1947,1947,10,4,1,9,30,10,10,1
1948,1948,10,10,1,9,30,10,10,1
1949,1949,10,16,1,9,30,10,10,1
1950,1950,16,4,1,9,30,10,10,1
1951,1951,16,10,1,9,30,10,10,1
1952,1952,16,16,1,9,30,10,10,1
1953,1953,4,4,0,9,30,10,10,1
1954,1954,4,10,0,9,30,10,10,1
1955,1955,4,16,0,9,30,10,10,1
1956,1956,10,4,0,9,30,10,10,1
1957,1957,10,10,0,9,30,10,10,1
1958,1958,10,16,0,9,30,10,10,1
1959,1959,16,4,0,9,30,10,10,1
1960,1960,16,10,0,9,30,10,10,1
1961,1961,16,16,0,9,30,10,10,1
1962,1962,4,4,1,10,30,10,10,1
1963,1963,4,10,1,10,30,10,10,1
1964,1964,4,16,1,10,30,10,10,1
1965,1965,10,4,1,10,30,10,10,1
1966,1966,10,10,1,10,30,10,10,1
1967,1967,10,16,1,10,30,10,10,1
1968,1968,16,4,1,10,30,10,10,1
1969,1969,16,10,1,10,30,10,10,1
1970,1970,16,16,1,10,30,10,10,1
1980,1980,4,4,1,11,30,10,10,1
1981,1981,4,10,1,11,30,10,10,1
1982,1982,4,16,1,11,30,10,10,1
1983,1983,10,4,1,11,30,10,10,1
1984,1984,10,10,1,11,30,10,10,1
1985,1985,10,16,1,11,30,10,10,1
1986,1986,16,4,1,11,30,10,10,1
1987,1987,16,10,1,11,30,10,10,1
1988,1988,16,16,1,11,30,10,10,1
1998,1998,4,4,1,9,50,10,10,1
1999,1999,4,10,1,9,50,10,10,1
2000,2000,4,16,1,9,50,10,10,1
2001,2001,10,4,1,9,50,10,10,1
2002,2002,10,10,1,9,50,10,10,1
2003,2003,10,16,1,9,50,10,10,1
2004,2004,16,4,1,9,50,10,10,1
2005,2005,16,10,1,9,50,10,10,1
2006,2006,16,16,1,9,50,10,10,1
2016,2016,4,4,1,10,50,10,10,1
2017,2017,4,10,1,10,50,10,10,1
2018,2018,4,16,1,10,50,10,10,1
2019,2019,10,4,1,10,50,10,10,1
2020,2020,10,10,1,10,50,10,10,1
2021,2021,10,16,1,10,50,10,10,1
2022,2022,16,4,1,10,50,10,10,1
2023,2023,16,10,1,10,50,10,10,1
2024,2024,16,16,1,10,50,10,10,1
2034,2034,4,4,1,11,50,10,10,1
2035,2035,4,10,1,11,50,10,10,1
2036,2036,4,16,1,11,50,10,10,1
2037,2037,10,4,1,11,50,10,10,1
2038,2038,10,10,1,11,50,10,10,1
2039,2039,10,16,1,11,50,10,10,1
2040,2040,16,4,1,11,50,10,10,1
2041,2041,16,10,1,11,50,10,10,1
2042,2042,16,16,1,11,50,10,10,1
2052,2052,4,4,1,9,70,10,10,1
2053,2053,4,10,1,9,70,10,10,1
2054,2054,4,16,1,9,70,10,10,1
2055,2055,10,4,1,9,70,10,10,1
2056,2056,10,10,1,9,70,10,10,1
2057,2057,10,16,1,9,70,10,10,1
2058,2058,16,4,1,9,70,10,10,1
2059,2059,16,10,1,9,70,10,10,1
2060,2060,16,16,1,9,70,10,10,1
2070,2070,4,4,1,10,70,10,10,1
2071,2071,4,10,1,10,70,10,10,1
2072,2072,4,16,1,10,70,10,10,1
2073,2073,10,4,1,10,70,10,10,1
2074,2074,10,10,1,10,70,10,10,1
2075,2075,10,16,1,10,70,10,10,1
2076,2076,16,4,1,10,70,10,10,1
2077,2077,16,10,1,10,70,10,10,1
2078,2078,16,16,1,10,70,10,10,1
2088,2088,4,4,1,11,70,10,10,1
2089,2089,4,10,1,11,70,10,10,1
2090,2090,4,16,1,11,70,10,10,1
2091,2091,10,4,1,11,70,10,10,1
2092,2092,10,10,1,11,70,10,10,1
2093,2093,10,16,1,11,70,10,10,1
2094,2094,16,4,1,11,70,10,10,1
2095,2095,16,10,1,11,70,10,10,1
2096,2096,16,16,1,11,70,10,10,1
2106,2106,4,4,1,9,30,20,10,1
2107,2107,4,10,1,9,30,20,10,1
2108,2108,4,16,1,9,30,20,10,1
2109,2109,10,4,1,9,30,20,10,1
2110,2110,10,10,1,9,30,20,10,1
2111,2111,10,16,1,9,30,20,10,1
2112,2112,16,4,1,9,30,20,10,1
2113,2113,16,10,1,9,30,20,10,1
2114,2114,16,16,1,9,30,20,10,1
2115,2115,4,4,0,9,30,20,10,1
2116,2116,4,10,0,9,30,20,10,1
2117,2117,4,16,0,9,30,20,10,1
2118,2118,10,4,0,9,30,20,10,1
2119,2119,10,10,0,9,30,20,10,1
2120,2120,10,16,0,9,30,20,10,1
2121,2121,16,4,0,9,30,20,10,1
2122,2122,16,10,0,9,30,20,10,1
2123,2123,16,16,0,9,30,20,10,1
2124,2124,4,4,1,10,30,20,10,1
2125,2125,4,10,1,10,30,20,10,1
2126,2126,4,16,1,10,30,20,10,1
2127,2127,10,4,1,10,30,20,10,1
2128,2128,10,10,1,10,30,20,10,1
2129,2129,10,16,1,10,30,20,10,1
2130,2130,16,4,1,10,30,20,10,1
2131,2131,16,10,1,10,30,20,10,1
2132,2132,16,16,1,10,30,20,10,1
2142,2142,4,4,1,11,30,20,10,1
2143,2143,4,10,1,11,30,20,10,1
2144,2144,4,16,1,11,30,20,10,1
2145,2145,10,4,1,11,30,20,10,1
2146,2146,10,10,1,11,30,20,10,1
2147,2147,10,16,1,11,30,20,10,1
2148,2148,16,4,1,11,30,20,10,1
2149,2149,16,10,1,11,30,20,10,1
2150,2150,16,16,1,11,30,20,10,1
2160,2160,4,4,1,9,50,20,10,1
2161,2161,4,10,1,9,50,20,10,1
2162,2162,4,16,1,9,50,20,10,1
2163,2163,10,4,1,9,50,20,10,1
2164,2164,10,10,1,9,50,20,10,1
2165,2165,10,16,1,9,50,20,10,1
2166,2166,16,4,1,9,50,20,10,1
2167,2167,16,10,1,9,50,20,10,1
2168,2168,16,16,1,9,50,20,10,1
2178,2178,4,4,1,10,50,20,10,1
2179,2179,4,10,1,10,50,20,10,1
2180,2180,4,16,1,10,50,20,10,1
2181,2181,10,4,1,10,50,20,10,1
2182,2182,10,10,1,10,50,20,10,1
2183,2183,10,16,1,10,50,20,10,1
2184,2184,16,4,1,10,50,20,10,1
2185,2185,16,10,1,10,50,20,10,1
2186,2186,16,16,1,10,50,20,10,1
2196,2196,4,4,1,11,50,20,10,1
2197,2197,4,10,1,11,50,20,10,1
2198,2198,4,16,1,11,50,20,10,1
2199,2199,10,4,1,11,50,20,10,1
2200,2200,10,10,1,11,50,20,10,1
2201,2201,10,16,1,11,50,20,10,1
2202,2202,16,4,1,11,50,20,10,1
2203,2203,16,10,1,11,50,20,10,1
2204,2204,16,16,1,11,50,20,10,1
2214,2214,4,4,1,9,70,20,10,1
2215,2215,4,10,1,9,70,20,10,1
2216,2216,4,16,1,9,70,20,10,1
2217,2217,10,4,1,9,70,20,10,1
2218,2218,10,10,1,9,70,20,10,1
2219,2219,10,16,1,9,70,20,10,1
2220,2220,16,4,1,9,70,20,10,1
2221,2221,16,10,1,9,70,20,10,1
2222,2222,16,16,1,9,70,20,10,1
2232,2232,4,4,1,10,70,20,10,1
2233,2233,4,10,1,10,70,20,10,1
2234,2234,4,16,1,10,70,20,10,1
2235,2235,10,4,1,10,70,20,10,1
2236,2236,10,10,1,10,70,20,10,1
2237,2237,10,16,1,10,70,20,10,1
2238,2238,16,4,1,10,70,20,10,1
2239,2239,16,10,1,10,70,20,10,1
2240,2240,16,16,1,10,70,20,10,1
2250,2250,4,4,1,11,70,20,10,1
2251,2251,4,10,1,11,70,20,10,1
2252,2252,4,16,1,11,70,20,10,1
2253,2253,10,4,1,11,70,20,10,1
2254,2254,10,10,1,11,70,20,10,1
2255,2255,10,16,1,11,70,20,10,1
2256,2256,16,4,1,11,70,20,10,1
2257,2257,16,10,1,11,70,20,10,1
2258,2258,16,16,1,11,70,20,10,1
2268,2268,4,4,1,9,30,30,10,1
2269,2269,4,10,1,9,30,30,10,1
2270,2270,4,16,1,9,30,30,10,1
2271,2271,10,4,1,9,30,30,10,1
2272,2272,10,10,1,9,30,30,10,1
2273,2273,10,16,1,9,30,30,10,1
2274,2274,16,4,1,9,30,30,10,1
2275,2275,16,10,1,9,30,30,10,1
2276,2276,16,16,1,9,30,30,10,1
2277,2277,4,4,0,9,30,30,10,1
2278,2278,4,10,0,9,30,30,10,1
2279,2279,4,16,0,9,30,30,10,1
2280,2280,10,4,0,9,30,30,10,1
2281,2281,10,10,0,9,30,30,10,1
2282,2282,10,16,0,9,30,30,10,1
2283,2283,16,4,0,9,30,30,10,1
2284,2284,16,10,0,9,30,30,10,1
2285,2285,16,16,0,9,30,30,10,1
2286,2286,4,4,1,10,30,30,10,1
2287,2287,4,10,1,10,30,30,10,1
2288,2288,4,16,1,10,30,30,10,1
2289,2289,10,4,1,10,30,30,10,1
2290,2290,10,10,1,10,30,30,10,1
2291,2291,10,16,1,10,30,30,10,1
2292,2292,16,4,1,10,30,30,10,1
2293,2293,16,10,1,10,30,30,10,1
2294,2294,16,16,1,10,30,30,10,1
2304,2304,4,4,1,11,30,30,10,1
2305,2305,4,10,1,11,30,30,10,1
2306,2306,4,16,1,11,30,30,10,1
2307,2307,10,4,1,11,30,30,10,1
2308,2308,10,10,1,11,30,30,10,1
2309,2309,10,16,1,11,30,30,10,1
2310,2310,16,4,1,11,30,30,10,1
2311,2311,16,10,1,11,30,30,10,1
2312,2312,16,16,1,11,30,30,10,1
2322,2322,4,4,1,9,50,30,10,1
2323,2323,4,10,1,9,50,30,10,1
2324,2324,4,16,1,9,50,30,10,1
2325,2325,10,4,1,9,50,30,10,1
2326,2326,10,10,1,9,50,30,10,1
2327,2327,10,16,1,9,50,30,10,1
2328,2328,16,4,1,9,50,30,10,1
2329,2329,16,10,1,9,50,30,10,1
2330,2330,16,16,1,9,50,30,10,1
2340,2340,4,4,1,10,50,30,10,1
2341,2341,4,10,1,10,50,30,10,1
2342,2342,4,16,1,10,50,30,10,1
2343,2343,10,4,1,10,50,30,10,1
2344,2344,10,10,1,10,50,30,10,1
2345,2345,10,16,1,10,50,30,10,1
2346,2346,16,4,1,10,50,30,10,1
2347,2347,16,10,1,10,50,30,10,1
2348,2348,16,16,1,10,50,30,10,1
2358,2358,4,4,1,11,50,30,10,1
2359,2359,4,10,1,11,50,30,10,1
2360,2360,4,16,1,11,50,30,10,1
2361,2361,10,4,1,11,50,30,10,1
2362,2362,10,10,1,11,50,30,10,1
2363,2363,10,16,1,11,50,30,10,1
2364,2364,16,4,1,11,50,30,10,1
2365,2365,16,10,1,11,50,30,10,1
2366,2366,16,16,1,11,50,30,10,1
2376,2376,4,4,1,9,70,30,10,1
2377,2377,4,10,1,9,70,30,10,1
2378,2378,4,16,1,9,70,30,10,1
2379,2379,10,4,1,9,70,30,10,1
2380,2380,10,10,1,9,70,30,10,1
2381,2381,10,16,1,9,70,30,10,1
2382,2382,16,4,1,9,70,30,10,1
2383,2383,16,10,1,9,70,30,10,1
2384,2384,16,16,1,9,70,30,10,1
2394,2394,4,4,1,10,70,30,10,1
2395,2395,4,10,1,10,70,30,10,1
2396,2396,4,16,1,10,70,30,10,1
2397,2397,10,4,1,10,70,30,10,1
2398,2398,10,10,1,10,70,30,10,1
2399,2399,10,16,1,10,70,30,10,1
2400,2400,16,4,1,10,70,30,10,1
2401,2401,16,10,1,10,70,30,10,1
2402,2402,16,16,1,10,70,30,10,1
2412,2412,4,4,1,11,70,30,10,1
2413,2413,4,10,1,11,70,30,10,1
2414,2414,4,16,1,11,70,30,10,1
2415,2415,10,4,1,11,70,30,10,1
2416,2416,10,10,1,11,70,30,10,1
2417,2417,10,16,1,11,70,30,10,1
2418,2418,16,4,1,11,70,30,10,1
2419,2419,16,10,1,11,70,30,10,1
2420,2420,16,16,1,11,70,30,10,1
2430,2430,4,4,1,9,30,10,15,1
2431,2431,4,10,1,9,30,10,15,1
2432,2432,4,16,1,9,30,10,15,1
2433,2433,10,4,1,9,30,10,15,1
2434,2434,10,10,1,9,30,10,15,1
2435,2435,10,16,1,9,30,10,15,1
2436,2436,16,4,1,9,30,10,15,1
2437,2437,16,10,1,9,30,10,15,1
2438,2438,16,16,1,9,30,10,15,1
2439,2439,4,4,0,9,30,10,15,1
2440,2440,4,10,0,9,30,10,15,1
2441,2441,4,16,0,9,30,10,15,1
2442,2442,10,4,0,9,30,10,15,1
2443,2443,10,10,0,9,30,10,15,1
2444,2444,10,16,0,9,30,10,15,1
2445,2445,16,4,0,9,30,10,15,1
2446,2446,16,10,0,9,30,10,15,1
2447,2447,16,16,0,9,30,10,15,1
2448,2448,4,4,1,10,30,10,15,1
2449,2449,4,10,1,10,30,10,15,1
2450,2450,4,16,1,10,30,10,15,1
2451,2451,10,4,1,10,30,10,15,1
2452,2452,10,10,1,10,30,10,15,1
2453,2453,10,16,1,10,30,10,15,1
2454,2454,16,4,1,10,30,10,15,1
2455,2455,16,10,1,10,30,10,15,1
2456,2456,16,16,1,10,30,10,15,1
2466,2466,4,4,1,11,30,10,15,1
2467,2467,4,10,1,11,30,10,15,1
2468,2468,4,16,1,11,30,10,15,1
2469,2469,10,4,1,11,30,10,15,1
2470,2470,10,10,1,11,30,10,15,1
2471,2471,10,16,1,11,30,10,15,1
2472,2472,16,4,1,11,30,10,15,1
2473,2473,16,10,1,11,30,10,15,1
2474,2474,16,16,1,11,30,10,15,1
2484,2484,4,4,1,9,50,10,15,1
2485,2485,4,10,1,9,50,10,15,1
2486,2486,4,16,1,9,50,10,15,1
2487,2487,10,4,1,9,50,10,15,1
2488,2488,10,10,1,9,50,10,15,1
2489,2489,10,16,1,9,50,10,15,1
2490,2490,16,4,1,9,50,10,15,1
2491,2491,16,10,1,9,50,10,15,1
2492,2492,16,16,1,9,50,10,15,1
2502,2502,4,4,1,10,50,10,15,1
2503,2503,4,10,1,10,50,10,15,1
2504,2504,4,16,1,10,50,10,15,1
2505,2505,10,4,1,10,50,10,15,1
2506,2506,10,10,1,10,50,10,15,1
2507,2507,10,16,1,10,50,10,15,1
2508,2508,16,4,1,10,50,10,15,1
2509,2509,16,10,1,10,50,10,15,1
2510,2510,16,16,1,10,50,10,15,1
2520,2520,4,4,1,11,50,10,15,1
2521,2521,4,10,1,11,50,10,15,1
2522,2522,4,16,1,11,50,10,15,1
2523,2523,10,4,1,11,50,10,15,1
2524,2524,10,10,1,11,50,10,15,1
2525,2525,10,16,1,11,50,10,15,1
2526,2526,16,4,1,11,50,10,15,1
2527,2527,16,10,1,11,50,10,15,1
2528,2528,16,16,1,11,50,10,15,1
2538,2538,4,4,1,9,70,10,15,1
2539,2539,4,10,1,9,70,10,15,1
2540,2540,4,16,1,9,70,10,15,1
2541,2541,10,4,1,9,70,10,15,1
2542,2542,10,10,1,9,70,10,15,1
2543,2543,10,16,1,9,70,10,15,1
2544,2544,16,4,1,9,70,10,15,1
2545,2545,16,10,1,9,70,10,15,1
2546,2546,16,16,1,9,70,10,15,1
2556,2556,4,4,1,10,70,10,15,1
2557,2557,4,10,1,10,70,10,15,1
2558,2558,4,16,1,10,70,10,15,1
2559,2559,10,4,1,10,70,10,15,1
2560,2560,10,10,1,10,70,10,15,1
2561,2561,10,16,1,10,70,10,15,1
2562,2562,16,4,1,10,70,10,15,1
2563,2563,16,10,1,10,70,10,15,1
2564,2564,16,16,1,10,70,10,15,1
2574,2574,4,4,1,11,70,10,15,1
2575,2575,4,10,1,11,70,10,15,1
2576,2576,4,16,1,11,70,10,15,1
2577,2577,10,4,1,11,70,10,15,1
2578,2578,10,10,1,11,70,10,15,1
2579,2579,10,16,1,11,70,10,15,1
2580,2580,16,4,1,11,70,10,15,1
2581,2581,16,10,1,11,70,10,15,1
2582,2582,16,16,1,11,70,10,15,1
2592,2592,4,4,1,9,30,20,15,1
2593,2593,4,10,1,9,30,20,15,1
2594,2594,4,16,1,9,30,20,15,1
2595,2595,10,4,1,9,30,20,15,1
2596,2596,10,10,1,9,30,20,15,1
2597,2597,10,16,1,9,30,20,15,1
2598,2598,16,4,1,9,30,20,15,1
2599,2599,16,10,1,9,30,20,15,1
2600,2600,16,16,1,9,30,20,15,1
2601,2601,4,4,0,9,30,20,15,1
2602,2602,4,10,0,9,30,20,15,1
2603,2603,4,16,0,9,30,20,15,1
2604,2604,10,4,0,9,30,20,15,1
2605,2605,10,10,0,9,30,20,15,1
2606,2606,10,16,0,9,30,20,15,1
2607,2607,16,4,0,9,30,20,15,1
2608,2608,16,10,0,9,30,20,15,1
2609,2609,16,16,0,9,30,20,15,1
2610,2610,4,4,1,10,30,20,15,1
2611,2611,4,10,1,10,30,20,15,1
2612,2612,4,16,1,10,30,20,15,1
2613,2613,10,4,1,10,30,20,15,1
2614,2614,10,10,1,10,30,20,15,1
2615,2615,10,16,1,10,30,20,15,1
2616,2616,16,4,1,10,30,20,15,1
2617,2617,16,10,1,10,30,20,15,1
2618,2618,16,16,1,10,30,20,15,1
2628,2628,4,4,1,11,30,20,15,1
2629,2629,4,10,1,11,30,20,15,1
2630,2630,4,16,1,11,30,20,15,1
2631,2631,10,4,1,11,30,20,15,1
2632,2632,10,10,1,11,30,20,15,1
2633,2633,10,16,1,11,30,20,15,1
2634,2634,16,4,1,11,30,20,15,1
2635,2635,16,10,1,11,30,20,15,1
2636,2636,16,16,1,11,30,20,15,1
2646,2646,4,4,1,9,50,20,15,1
2647,2647,4,10,1,9,50,20,15,1
2648,2648,4,16,1,9,50,20,15,1
2649,2649,10,4,1,9,50,20,15,1
2650,2650,10,10,1,9,50,20,15,1
2651,2651,10,16,1,9,50,20,15,1
2652,2652,16,4,1,9,50,20,15,1
2653,2653,16,10,1,9,50,20,15,1
2654,2654,16,16,1,9,50,20,15,1
2664,2664,4,4,1,10,50,20,15,1
2665,2665,4,10,1,10,50,20,15,1
2666,2666,4,16,1,10,50,20,15,1
2667,2667,10,4,1,10,50,20,15,1
2668,2668,10,10,1,10,50,20,15,1
2669,2669,10,16,1,10,50,20,15,1
2670,2670,16,4,1,10,50,20,15,1
2671,2671,16,10,1,10,50,20,15,1
2672,2672,16,16,1,10,50,20,15,1
2682,2682,4,4,1,11,50,20,15,1
2683,2683,4,10,1,11,50,20,15,1
2684,2684,4,16,1,11,50,20,15,1
2685,2685,10,4,1,11,50,20,15,1
2686,2686,10,10,1,11,50,20,15,1
2687,2687,10,16,1,11,50,20,15,1
2688,2688,16,4,1,11,50,20,15,1
2689,2689,16,10,1,11,50,20,15,1
2690,2690,16,16,1,11,50,20,15,1
2700,2700,4,4,1,9,70,20,15,1
2701,2701,4,10,1,9,70,20,15,1
2702,2702,4,16,1,9,70,20,15,1
2703,2703,10,4,1,9,70,20,15,1
2704,2704,10,10,1,9,70,20,15,1
2705,2705,10,16,1,9,70,20,15,1
2706,2706,16,4,1,9,70,20,15,1
2707,2707,16,10,1,9,70,20,15,1
2708,2708,16,16,1,9,70,20,15,1
2718,2718,4,4,1,10,70,20,15,1
2719,2719,4,10,1,10,70,20,15,1
2720,2720,4,16,1,10,70,20,15,1
2721,2721,10,4,1,10,70,20,15,1
2722,2722,10,10,1,10,70,20,15,1
2723,2723,10,16,1,10,70,20,15,1
2724,2724,16,4,1,10,70,20,15,1
2725,2725,16,10,1,10,70,20,15,1
2726,2726,16,16,1,10,70,20,15,1
2736,2736,4,4,1,11,70,20,15,1
2737,2737,4,10,1,11,70,20,15,1
2738,2738,4,16,1,11,70,20,15,1
2739,2739,10,4,1,11,70,20,15,1
2740,2740,10,10,1,11,70,20,15,1
2741,2741,10,16,1,11,70,20,15,1
2742,2742,16,4,1,11,70,20,15,1
2743,2743,16,10,1,11,70,20,15,1
2744,2744,16,16,1,11,70,20,15,1
2754,2754,4,4,1,9,30,30,15,1
2755,2755,4,10,1,9,30,30,15,1
2756,2756,4,16,1,9,30,30,15,1
2757,2757,10,4,1,9,30,30,15,1
2758,2758,10,10,1,9,30,30,15,1
2759,2759,10,16,1,9,30,30,15,1
2760,2760,16,4,1,9,30,30,15,1
2761,2761,16,10,1,9,30,30,15,1
2762,2762,16,16,1,9,30,30,15,1
2763,2763,4,4,0,9,30,30,15,1
2764,2764,4,10,0,9,30,30,15,1
2765,2765,4,16,0,9,30,30,15,1
2766,2766,10,4,0,9,30,30,15,1
2767,2767,10,10,0,9,30,30,15,1
2768,2768,10,16,0,9,30,30,15,1
2769,2769,16,4,0,9,30,30,15,1
2770,2770,16,10,0,9,30,30,15,1
2771,2771,16,16,0,9,30,30,15,1
2772,2772,4,4,1,10,30,30,15,1
2773,2773,4,10,1,10,30,30,15,1
2774,2774,4,16,1,10,30,30,15,1
2775,2775,10,4,1,10,30,30,15,1
2776,2776,10,10,1,10,30,30,15,1
2777,2777,10,16,1,10,30,30,15,1
2778,2778,16,4,1,10,30,30,15,1
2779,2779,16,10,1,10,30,30,15,1
2780,2780,16,16,1,10,30,30,15,1
2790,2790,4,4,1,11,30,30,15,1
2791,2791,4,10,1,11,30,30,15,1
2792,2792,4,16,1,11,30,30,15,1
2793,2793,10,4,1,11,30,30,15,1
2794,2794,10,10,1,11,30,30,15,1
2795,2795,10,16,1,11,30,30,15,1
2796,2796,16,4,1,11,30,30,15,1
2797,2797,16,10,1,11,30,30,15,1
2798,2798,16,16,1,11,30,30,15,1
2808,2808,4,4,1,9,50,30,15,1
2809,2809,4,10,1,9,50,30,15,1
2810,2810,4,16,1,9,50,30,15,1
2811,2811,10,4,1,9,50,30,15,1
2812,2812,10,10,1,9,50,30,15,1
2813,2813,10,16,1,9,50,30,15,1
2814,2814,16,4,1,9,50,30,15,1
2815,2815,16,10,1,9,50,30,15,1
2816,2816,16,16,1,9,50,30,15,1
2826,2826,4,4,1,10,50,30,15,1
2827,2827,4,10,1,10,50,30,15,1
2828,2828,4,16,1,10,50,30,15,1
2829,2829,10,4,1,10,50,30,15,1
2830,2830,10,10,1,10,50,30,15,1
2831,2831,10,16,1,10,50,30,15,1
2832,2832,16,4,1,10,50,30,15,1
2833,2833,16,10,1,10,50,30,15,1
2834,2834,16,16,1,10,50,30,15,1
2844,2844,4,4,1,11,50,30,15,1
2845,2845,4,10,1,11,50,30,15,1
2846,2846,4,16,1,11,50,30,15,1
2847,2847,10,4,1,11,50,30,15,1
2848,2848,10,10,1,11,50,30,15,1
2849,2849,10,16,1,11,50,30,15,1
2850,2850,16,4,1,11,50,30,15,1
2851,2851,16,10,1,11,50,30,15,1
2852,2852,16,16,1,11,50,30,15,1
2862,2862,4,4,1,9,70,30,15,1
2863,2863,4,10,1,9,70,30,15,1
2864,2864,4,16,1,9,70,30,15,1
2865,2865,10,4,1,9,70,30,15,1
2866,2866,10,10,1,9,70,30,15,1
2867,2867,10,16,1,9,70,30,15,1
2868,2868,16,4,1,9,70,30,15,1
2869,2869,16,10,1,9,70,30,15,1
2870,2870,16,16,1,9,70,30,15,1
2880,2880,4,4,1,10,70,30,15,1
2881,2881,4,10,1,10,70,30,15,1
2882,2882,4,16,1,10,70,30,15,1
2883,2883,10,4,1,10,70,30,15,1
2884,2884,10,10,1,10,70,30,15,1
2885,2885,10,16,1,10,70,30,15,1
2886,2886,16,4,1,10,70,30,15,1
2887,2887,16,10,1,10,70,30,15,1
2888,2888,16,16,1,10,70,30,15,1
2898,2898,4,4,1,11,70,30,15,1
2899,2899,4,10,1,11,70,30,15,1
2900,2900,4,16,1,11,70,30,15,1
2901,2901,10,4,1,11,70,30,15,1
2902,2902,10,10,1,11,70,30,15,1
2903,2903,10,16,1,11,70,30,15,1
2904,2904,16,4,1,11,70,30,15,1
2905,2905,16,10,1,11,70,30,15,1
2906,2906,16,16,1,11,70,30,15,1
